ID	Views	Name	Title	Duration	
1	94050	The Daily Show with Trevor Noah	The Daily Show - Vice Presidential Debate Wrap-Up	11:21	
2	110320	Brave Wilderness	Making a Tide Pool Aquarium!	13:20	
3	1315322	NBC News	The Vice-Presidential Debate: Tim Kaine And Mike Pence (Full Debate) | NBC News	2:30:46	
4	10404785	Disney Movie Trailers	Teaser Trailer: Pirates of the Caribbean: Dead Men Tell No Tales	1:50	
5	302260	The Late Show with Stephen Colbert	Stephen Is Fuzzing Happy The VP Debate Is Over	7:59	
6	250408	Late Night with Seth Meyers	Trump&#39;s Terrible Week Continues: A Closer Look	7:30	
7	1340906	IISuperwomanII	Why Bras Are Horrible!	7:21	
8	1274720	The Late Late Show with James Corden	&#39;The Grand Tour&#39; Grand Racing Quiz	8:00	
9	1316064	Screen Junkies	Honest Trailers - The Flash (TV)	7:02	
10	825995	FOX 10 Phoenix	WOW: Joe Biden PASSIONATELY Calls Out Donald Trump on His PTSD Comments, Shares Story of Son - FNN	3:29	
11	2966118	pokemon	Evolved Forms of the Starter PokÃ©mon Revealed in PokÃ©mon Sun and PokÃ©mon Moon!	3:50	
12	375555	Cracked	7 Movie Jokes You Missed If You Only Speak English	3:48	
13	760813	jacksfilms	There&#39;s something I need to tell you	1:19	
14	1229591	Netflix US &amp; Canada	Lemony Snicket&#39;s A Series of Unfortunate Events | Teaser Trailer [HD] | Netflix	1:29	
15	1019583	The Voice	The Voice 2016 Blind Audition - Natasha Bure: &quot;Can&#39;t Help Falling in Love&quot;	1:26	
16	34334723	TheWeekndVEVO	The Weeknd - Starboy ft. Daft Punk	4:34	
17	371958124	ChainsmokersVEVO	The Chainsmokers - Closer (Lyric) ft. Halsey	4:22	
18	100531944	SiaVEVO	Sia - The Greatest	5:52	
19	748006208	CalvinHarrisVEVO	Calvin Harris - This Is What You Came For (Official Video) ft. Rihanna	4:00	
20	225969106	Charlie Puth	Charlie Puth - We Don&#39;t Talk Anymore (feat. Selena Gomez) [Official Video]	3:51	
21	116225366	Skrillex	Skrillex &amp; Rick Ross - Purple Lamborghini [Official Video]	4:22	
22	45410798	UsherVEVO	Usher - No Limit ft. Young Thug	3:56	
23	8186140	RaeSremmurdVEVO	Rae Sremmurd - Black Beatles ft. Gucci Mane	4:53	
24	28269197	LIL UZI VERT	Lil Uzi Vert - Money Longer	4:01	
25	28285087	YGVEVO	YG - Why You Always Hatin? ft. Drake, Kamaiyah	4:14	
26	43782133	FrenchMontanaVEVO	French Montana - No Shopping ft. Drake	5:22	
27	62644895	DJKhaledVEVO	DJ Khaled - I Got the Keys ft. Jay Z, Future	4:09	
28	4013004	CMAVEVO	Artists Of Then, Now &amp; Forever - Forever Country	4:10	
29	304281492	majorlazer	Major Lazer - Cold Water (feat. Justin Bieber &amp; MÃ˜) (Official Lyric Video)	3:09	
30	32555320	KanyeWestVEVO	Kanye West - Fade (Explicit)	3:45	
31	6692262	New Trailer Buzz	BIRTH OF THE DRAGON Trailer (2016) Bruce Lee Movie	3:26	
32	6592289	Zero Media	Pirates of the Caribbean: Dead Men Tell No Tales Official Teaser Trailer #1 (2017) Movie HD	2:20	
33	4075583	Trailers and Teasers	Avengers Infinity War Part 1 Official Trailer 2018 Comic Con Marvel&#39;s Avengers ÐœÑ�Ñ‚Ð¸Ñ‚ÐµÐ»Ð¸ Ð’Ð¾Ð¹Ð½Ð°	1:47	
34	18997402	FilmIsNow Family Movie Trailers	SING | Sing for Gold in a new Spot [Family Animated Movie 2016]	6:14	
35	5224677	Warner Bros. Pictures	Fantastic Beasts and Where to Find Them - Final Trailer [HD]	2:42	
36	2594177	Paramount Pictures	Fences Teaser Trailer (2016) - Paramount Pictures	1:51	
37	1473489	The Film Theorists	Film Theory: Is Miss Peregrine&#39;s BETTER than Hogwarts? (Miss Peregrine&#39;s Home for Peculiar Children)	16:04	
38	1622748	TerraStone	Star Wars: Rogue One (2016) FINAL TRAILER - Felicity Jones Movie HD [F-M]	2:38	
39	1082990	RedLetterMedia	Mr. Plinkett&#39;s The Star Wars Awakens Review	1:45:08	
40	2268522	TrolleySmasher	The Batman: Under the Red Hood - (2018) Movie Trailer (Fan Made)	1:54	
41	1339215	TheEllenShow	First Look! &#39;Fantastic Beasts and Where to Find Them&#39; Full Trailer	2:43	
42	3445952	Fresh Movie Trailers	Disney&#39;s MOANA - TRAILER # 3 (2016)	6:08	
43	10285028	Sony Music India	Channa Mereya -  Ae Dil Hai Mushkil | Karan Johar | Ranbir | Anushka | Aishwarya | Pritam | Arijit	2:32	
44	954129	Marvel Entertainment	Doctor Strange TV Spot	1:01	
45	9559162	20th Century Fox	Miss Peregrine&#39;s Home for Peculiar Children | Official Trailer [HD] | 20th Century FOX	2:34	
46	16449500	CrazyRussianHacker	Easy Fix Car Scratches with WD-40	5:01	
47	1369984	Auto Cars	How it&#39;s Made: Lamborghini Aventador	21:03	
48	6871188	Mark Rober	EASY Pinewood Derby Car WINS using Science!!!	15:59	
49	8647829	Top Gear	The Worst Car In the History Of The World - Top Gear - BBC	3:54	
50	11627490	Triple R	Best GTR launch control reaction ever	6:53	
51	365844	ScienceNET	Tesla Gigafactory Grand Opening Elon Musk July 29, 2016 Full	26:28	
52	1754446	ChrisFix	How to Super Clean the INSIDE of Your Windshield (No Streaks)	7:43	
53	13829102	grrunf	snow chains - next generation (part one)	4:00	
54	141935	Redline Reviews	2017 Subaru BRZ â€“ Redline: Review	22:58	
55	128992935	The Late Late Show with James Corden	Adele Carpool Karaoke	14:52	
56	1157137	David Lala	Audi A9	10:48	
57	899771	CAR TV	â–º 2017 Audi A4 Overview	10:21	
58	1309876	The Best Of Videos	Duke Engines | All information about Duke Engines	10:43	
59	9980545	Top Gear	Campervan Challenge - Top Gear - BBC	7:55	
60	1866861	SC Videos	10 Things About OBAMA&#39;s LIMO	4:26	
61	2885680	LeafyIsHere	THE POKEMON GO KID&#39;S FATHER SAYS HE&#39;S ACTUALLY GOING TO KILL ME	15:00	
62	4771608	VanossGaming	Cockroach Simulator - Eat the Poo!	11:37	
63	1800427	Markiplier	Such Scary 2016	21:38	
64	2966118	pokemon	Evolved Forms of the Starter PokÃ©mon Revealed in PokÃ©mon Sun and PokÃ©mon Moon!	3:50	
65	1848973	TheDiamondMinecart // DanTDM	Roblox | WORST PRISON GUARD EVER!!	17:33	
66	1624431	FUNnel Vision	WORLD&#39;S LARGEST JENGA TOWER FALLS DOWN!!  9+ ft. Tall Giant Jumbo Blocks w/ FUNnel Vision &amp; Friends	17:49	
67	1710225	FGTeeV	ROBLOX #9 HOLE IN THE WALL! + Extreme Cartoon Network Monsters Version w/ FGTEEV Duddy Challenge	19:24	
68	1460521	PopularMMOs	Minecraft: POPULARMMOS VS GAMINGWITHJEN CHALLENGE GAMES - Lucky Block Mod - Modded Mini-Game	25:41	
69	1242139	SSundee	Minecraft | Pixelmon | TROLL KINGDRA EVOLUTION!! [14]	20:26	
70	2154935	The Game Theorists	Game Theory: The TRUTH About Minecraft&#39;s World!	13:45	
71	3702499	jacksepticeye	SPONSOR EAGLE!! | Tuber Simulator #1	21:59	
72	4435355	Minecraft Pokemon	Top 15 Minecraft Animations  - Best Minecraft Animation  Parodies	19:11	
73	1209031	Ryan ToysReview	EXTREME WARHEADS CHALLENGE Sour Candy challenge Kids Candy Review Ryan ToysReview	9:58	
74	4806062	HobbyKidsTV	Biggest Five Nights at Freddy&#39;s Adventure TOY SURPRISE Hunt! Chuck E Cheese + Family Fun HobbyKidsTV	32:56	
75	542532	Gamer Chad	Roblox / Baby Barfs on Mom! / Adventures of Baby Alan / Gamer Chad Plays	11:52	
76	6413403	Kubau2	Most shocking fighter jets low flyover(flyby) moments Compilation	8:40	
77	3274575	Daily Military Defense &amp; Archive	This 4 Millions Dollars Machine Can Fill Aircraft Hangars With Foam in Only 2 Minutes !	4:59	
78	277066	The Joint Forces Channel	The Day 1008 American Bombers And 835 Mustangs Attacked Germany	13:51	
79	2502077	Dhawaris Ansari	Polish Pilot lands plane without its wheels	5:35	
80	4877463	Sport MÃ­dia	Top 17 Airplane Crash fatal Compilation 2016â—† Boeing 737 747 Airbus A320 â—† Aircraft Spotter	8:23	
81	634832	Top Unknown	The 10 Most Expensive Fighter Jets in the World	9:31	
82	6166478	Sam Chui	Complete Etihad First Class Apartment Experience onboard A380 from London to Abu Dhabi	6:47	
83	3392850	Military Zone HD	Lockheed AC-130 Gunship firing.	6:19	
84	5919768	6,989,898 views	Most DANGEROUS Plane Crashes 2016 - SHOCKING FOOTAGE	3:38	
85	3381981	Herron Wask	Modern Chinese Airforce 2016[ Revealed ]	4:16	
86	18904238	ExtremeTV	The Biggest Aircraft in The World - An-225 Mriya	6:34	
87	5816067	KLM Royal Dutch Airlines	KLM Cockpit Tales: Part 3 - Big plane, short runway	6:12	
88	8214355	swampfoot	Declassified dogfight footage: F-14 Tomcat vs. Libyan MiG-23	9:07	
89	12278764	CrashDiscoveyTV1	Amazing pilot skills to save plane from crashing file compilation	3:51	
90	4203307	DMKSPROD	[HD] Jet Cockpit-view Compilation 1	11:30	
91	2139792	DOSEofFOUSEY	PLEASE LET ME BUY THIS CAR!!!!!	16:20	
92	2312896	DOSEofFOUSEY	HOW I BECAME A MILLIONAIRE AT 23.	25:12	
93	27105125	fouseyTUBE	THE HOMELESS CHILD EXPERIMENT!	5:55	
94	1846968	DOSEofFOUSEY	PLEASE DON&#39;T CRY...ðŸ˜¢	13:59	
95	3797889	DOSEofFOUSEY	BOUGHT MY PARENTS A HOUSE!	22:56	
96	3450527	DOSEofFOUSEY	VLOGS NOW ON fouseyTUBE!	13:59	
97	750630	Fun Over Easy	10 RICHEST YouTube Vloggers of 2016 (FouseyTUBE, Mo Vlogs, Roman Atwood)	10:06	
98	11801632	fouseyTUBE	HOW TO GET A GIRLS ATTENTION!	3:16	
99	4231775	fouseyTUBE	HELP ME!! FIGHT OF THE LIVING DEAD: EXPERIMENT 88! (Ep 1)	38:43	
100	1068732	fouseyTUBE	SO PROUD OF HER!! SHE DID IT!!	10:52	
101	1262165	fouseyTUBE	HILARIOUS WHISPER CHALLENGE FT. KEVIN HART!	7:34	
102	1104665	fouseyTUBE	MY NEW MOTORCYCLE REVEALED!!!	26:01	
103	1344015	Scarce	FouseyTUBE Gets ANGRY! Jesse Wellens LEAVES BFvsGF? YouTuber ARRESTED, Streamer D*ck SLIP	9:13	
104	1005165	fouseyTUBE	I JUST PROPOSED!!!	12:23	
105	8169677	TheEllenShow	Clint Eastwood&#39;s Son... and Ellen&#39;s!	2:34	
106	15742460	TheEllenShow	Ellen and Britney Spears&#39; Mall Mischief	7:41	
107	17827430	TheEllenShow	Jennifer Aniston Finds Out About Ellen and Portia&#39;s Marriage	4:32	
108	31015996	TheEllenShow	The Perfect, Last-Minute Kids&#39; Costumes!	6:05	
109	8156178	TheEllenShow	Rob Lowe and Ellen Share a Magic Moment	4:15	
110	30217228	TheEllenShow	Epic or Fail LIVE!	7:35	
111	9877765	TheEllenShow	Ellen and First Lady Michelle Obama Go to CVS	9:21	
112	2927787	TheEllenShow	Oops! My Water Broke	2:38	
113	16845330	TheEllenShow	Scare Videos with Annabelle	4:35	
114	2601060	TheEllenShow	LeBron James Goes Head to Head with Ellen	5:10	
115	2452275	TheEllenShow	12-Year-Old &#39;AGT&#39; Winner Grace VanderWaal Performs!	6:05	
116	2919499	TheEllenShow	The &#39;Magic Mike Live&#39; Dancers Perform	4:30	
117	1565401	TheEllenShow	&#39;Who&#39;d You Rather? Live!&#39; with Jimmy Kimmel and Scott Eastwood	4:38	
118	981822	TheEllenShow	Explainy the Emoji Exploji!	6:51	
119	3234149	TheEllenShow	An Emotional Surprise for an Orlando Survivor	3:23	
ID	Views	Name	Title	Duration	
1	94050	The Daily Show with Trevor Noah	The Daily Show - Vice Presidential Debate Wrap-Up	11:21	
2	110320	Brave Wilderness	Making a Tide Pool Aquarium!	13:20	
3	1315322	NBC News	The Vice-Presidential Debate: Tim Kaine And Mike Pence (Full Debate) | NBC News	2:30:46	
4	10404785	Disney Movie Trailers	Teaser Trailer: Pirates of the Caribbean: Dead Men Tell No Tales	1:50	
5	302260	The Late Show with Stephen Colbert	Stephen Is Fuzzing Happy The VP Debate Is Over	7:59	
6	250408	Late Night with Seth Meyers	Trump&#39;s Terrible Week Continues: A Closer Look	7:30	
7	1340906	IISuperwomanII	Why Bras Are Horrible!	7:21	
8	1274720	The Late Late Show with James Corden	&#39;The Grand Tour&#39; Grand Racing Quiz	8:00	
9	1316064	Screen Junkies	Honest Trailers - The Flash (TV)	7:02	
10	825995	FOX 10 Phoenix	WOW: Joe Biden PASSIONATELY Calls Out Donald Trump on His PTSD Comments, Shares Story of Son - FNN	3:29	
11	2966118	pokemon	Evolved Forms of the Starter PokÃ©mon Revealed in PokÃ©mon Sun and PokÃ©mon Moon!	3:50	
12	375555	Cracked	7 Movie Jokes You Missed If You Only Speak English	3:48	
13	760813	jacksfilms	There&#39;s something I need to tell you	1:19	
14	1229591	Netflix US &amp; Canada	Lemony Snicket&#39;s A Series of Unfortunate Events | Teaser Trailer [HD] | Netflix	1:29	
15	1019583	The Voice	The Voice 2016 Blind Audition - Natasha Bure: &quot;Can&#39;t Help Falling in Love&quot;	1:26	
16	34334723	TheWeekndVEVO	The Weeknd - Starboy ft. Daft Punk	4:34	
17	371958124	ChainsmokersVEVO	The Chainsmokers - Closer (Lyric) ft. Halsey	4:22	
18	100531944	SiaVEVO	Sia - The Greatest	5:52	
19	748006208	CalvinHarrisVEVO	Calvin Harris - This Is What You Came For (Official Video) ft. Rihanna	4:00	
20	225969106	Charlie Puth	Charlie Puth - We Don&#39;t Talk Anymore (feat. Selena Gomez) [Official Video]	3:51	
21	116225366	Skrillex	Skrillex &amp; Rick Ross - Purple Lamborghini [Official Video]	4:22	
22	45410798	UsherVEVO	Usher - No Limit ft. Young Thug	3:56	
23	8186140	RaeSremmurdVEVO	Rae Sremmurd - Black Beatles ft. Gucci Mane	4:53	
24	28269197	LIL UZI VERT	Lil Uzi Vert - Money Longer	4:01	
25	28285087	YGVEVO	YG - Why You Always Hatin? ft. Drake, Kamaiyah	4:14	
26	43782133	FrenchMontanaVEVO	French Montana - No Shopping ft. Drake	5:22	
27	62644895	DJKhaledVEVO	DJ Khaled - I Got the Keys ft. Jay Z, Future	4:09	
28	4013004	CMAVEVO	Artists Of Then, Now &amp; Forever - Forever Country	4:10	
29	304281492	majorlazer	Major Lazer - Cold Water (feat. Justin Bieber &amp; MÃ˜) (Official Lyric Video)	3:09	
30	32555320	KanyeWestVEVO	Kanye West - Fade (Explicit)	3:45	
31	6692262	New Trailer Buzz	BIRTH OF THE DRAGON Trailer (2016) Bruce Lee Movie	3:26	
32	6592289	Zero Media	Pirates of the Caribbean: Dead Men Tell No Tales Official Teaser Trailer #1 (2017) Movie HD	2:20	
33	4075583	Trailers and Teasers	Avengers Infinity War Part 1 Official Trailer 2018 Comic Con Marvel&#39;s Avengers ÐœÑ�Ñ‚Ð¸Ñ‚ÐµÐ»Ð¸ Ð’Ð¾Ð¹Ð½Ð°	1:47	
34	18997402	FilmIsNow Family Movie Trailers	SING | Sing for Gold in a new Spot [Family Animated Movie 2016]	6:14	
35	5224677	Warner Bros. Pictures	Fantastic Beasts and Where to Find Them - Final Trailer [HD]	2:42	
36	2594177	Paramount Pictures	Fences Teaser Trailer (2016) - Paramount Pictures	1:51	
37	1473489	The Film Theorists	Film Theory: Is Miss Peregrine&#39;s BETTER than Hogwarts? (Miss Peregrine&#39;s Home for Peculiar Children)	16:04	
38	1622748	TerraStone	Star Wars: Rogue One (2016) FINAL TRAILER - Felicity Jones Movie HD [F-M]	2:38	
39	1082990	RedLetterMedia	Mr. Plinkett&#39;s The Star Wars Awakens Review	1:45:08	
40	2268522	TrolleySmasher	The Batman: Under the Red Hood - (2018) Movie Trailer (Fan Made)	1:54	
41	1339215	TheEllenShow	First Look! &#39;Fantastic Beasts and Where to Find Them&#39; Full Trailer	2:43	
42	3445952	Fresh Movie Trailers	Disney&#39;s MOANA - TRAILER # 3 (2016)	6:08	
43	10285028	Sony Music India	Channa Mereya -  Ae Dil Hai Mushkil | Karan Johar | Ranbir | Anushka | Aishwarya | Pritam | Arijit	2:32	
44	954129	Marvel Entertainment	Doctor Strange TV Spot	1:01	
45	9559162	20th Century Fox	Miss Peregrine&#39;s Home for Peculiar Children | Official Trailer [HD] | 20th Century FOX	2:34	
46	16449500	CrazyRussianHacker	Easy Fix Car Scratches with WD-40	5:01	
47	1369984	Auto Cars	How it&#39;s Made: Lamborghini Aventador	21:03	
48	6871188	Mark Rober	EASY Pinewood Derby Car WINS using Science!!!	15:59	
49	8647829	Top Gear	The Worst Car In the History Of The World - Top Gear - BBC	3:54	
50	11627490	Triple R	Best GTR launch control reaction ever	6:53	
51	365844	ScienceNET	Tesla Gigafactory Grand Opening Elon Musk July 29, 2016 Full	26:28	
52	1754446	ChrisFix	How to Super Clean the INSIDE of Your Windshield (No Streaks)	7:43	
53	13829102	grrunf	snow chains - next generation (part one)	4:00	
54	141935	Redline Reviews	2017 Subaru BRZ â€“ Redline: Review	22:58	
55	128992935	The Late Late Show with James Corden	Adele Carpool Karaoke	14:52	
56	1157137	David Lala	Audi A9	10:48	
57	899771	CAR TV	â–º 2017 Audi A4 Overview	10:21	
58	1309876	The Best Of Videos	Duke Engines | All information about Duke Engines	10:43	
59	9980545	Top Gear	Campervan Challenge - Top Gear - BBC	7:55	
60	1866861	SC Videos	10 Things About OBAMA&#39;s LIMO	4:26	
61	2885680	LeafyIsHere	THE POKEMON GO KID&#39;S FATHER SAYS HE&#39;S ACTUALLY GOING TO KILL ME	15:00	
62	4771608	VanossGaming	Cockroach Simulator - Eat the Poo!	11:37	
63	1800427	Markiplier	Such Scary 2016	21:38	
64	2966118	pokemon	Evolved Forms of the Starter PokÃ©mon Revealed in PokÃ©mon Sun and PokÃ©mon Moon!	3:50	
65	1848973	TheDiamondMinecart // DanTDM	Roblox | WORST PRISON GUARD EVER!!	17:33	
66	1624431	FUNnel Vision	WORLD&#39;S LARGEST JENGA TOWER FALLS DOWN!!  9+ ft. Tall Giant Jumbo Blocks w/ FUNnel Vision &amp; Friends	17:49	
67	1710225	FGTeeV	ROBLOX #9 HOLE IN THE WALL! + Extreme Cartoon Network Monsters Version w/ FGTEEV Duddy Challenge	19:24	
68	1460521	PopularMMOs	Minecraft: POPULARMMOS VS GAMINGWITHJEN CHALLENGE GAMES - Lucky Block Mod - Modded Mini-Game	25:41	
69	1242139	SSundee	Minecraft | Pixelmon | TROLL KINGDRA EVOLUTION!! [14]	20:26	
70	2154935	The Game Theorists	Game Theory: The TRUTH About Minecraft&#39;s World!	13:45	
71	3702499	jacksepticeye	SPONSOR EAGLE!! | Tuber Simulator #1	21:59	
72	4435355	Minecraft Pokemon	Top 15 Minecraft Animations  - Best Minecraft Animation  Parodies	19:11	
73	1209031	Ryan ToysReview	EXTREME WARHEADS CHALLENGE Sour Candy challenge Kids Candy Review Ryan ToysReview	9:58	
74	4806062	HobbyKidsTV	Biggest Five Nights at Freddy&#39;s Adventure TOY SURPRISE Hunt! Chuck E Cheese + Family Fun HobbyKidsTV	32:56	
75	542532	Gamer Chad	Roblox / Baby Barfs on Mom! / Adventures of Baby Alan / Gamer Chad Plays	11:52	
76	6413403	Kubau2	Most shocking fighter jets low flyover(flyby) moments Compilation	8:40	
77	3274575	Daily Military Defense &amp; Archive	This 4 Millions Dollars Machine Can Fill Aircraft Hangars With Foam in Only 2 Minutes !	4:59	
78	277066	The Joint Forces Channel	The Day 1008 American Bombers And 835 Mustangs Attacked Germany	13:51	
79	2502077	Dhawaris Ansari	Polish Pilot lands plane without its wheels	5:35	
80	4877463	Sport MÃ­dia	Top 17 Airplane Crash fatal Compilation 2016â—† Boeing 737 747 Airbus A320 â—† Aircraft Spotter	8:23	
81	634832	Top Unknown	The 10 Most Expensive Fighter Jets in the World	9:31	
82	6166478	Sam Chui	Complete Etihad First Class Apartment Experience onboard A380 from London to Abu Dhabi	6:47	
83	3392850	Military Zone HD	Lockheed AC-130 Gunship firing.	6:19	
84	5919768	6,989,898 views	Most DANGEROUS Plane Crashes 2016 - SHOCKING FOOTAGE	3:38	
85	3381981	Herron Wask	Modern Chinese Airforce 2016[ Revealed ]	4:16	
86	18904238	ExtremeTV	The Biggest Aircraft in The World - An-225 Mriya	6:34	
87	5816067	KLM Royal Dutch Airlines	KLM Cockpit Tales: Part 3 - Big plane, short runway	6:12	
88	8214355	swampfoot	Declassified dogfight footage: F-14 Tomcat vs. Libyan MiG-23	9:07	
89	12278764	CrashDiscoveyTV1	Amazing pilot skills to save plane from crashing file compilation	3:51	
90	4203307	DMKSPROD	[HD] Jet Cockpit-view Compilation 1	11:30	
91	2139792	DOSEofFOUSEY	PLEASE LET ME BUY THIS CAR!!!!!	16:20	
92	2312896	DOSEofFOUSEY	HOW I BECAME A MILLIONAIRE AT 23.	25:12	
93	27105125	fouseyTUBE	THE HOMELESS CHILD EXPERIMENT!	5:55	
94	1846968	DOSEofFOUSEY	PLEASE DON&#39;T CRY...ðŸ˜¢	13:59	
95	3797889	DOSEofFOUSEY	BOUGHT MY PARENTS A HOUSE!	22:56	
96	3450527	DOSEofFOUSEY	VLOGS NOW ON fouseyTUBE!	13:59	
97	750630	Fun Over Easy	10 RICHEST YouTube Vloggers of 2016 (FouseyTUBE, Mo Vlogs, Roman Atwood)	10:06	
98	11801632	fouseyTUBE	HOW TO GET A GIRLS ATTENTION!	3:16	
99	4231775	fouseyTUBE	HELP ME!! FIGHT OF THE LIVING DEAD: EXPERIMENT 88! (Ep 1)	38:43	
100	1068732	fouseyTUBE	SO PROUD OF HER!! SHE DID IT!!	10:52	
101	1262165	fouseyTUBE	HILARIOUS WHISPER CHALLENGE FT. KEVIN HART!	7:34	
102	1104665	fouseyTUBE	MY NEW MOTORCYCLE REVEALED!!!	26:01	
103	1344015	Scarce	FouseyTUBE Gets ANGRY! Jesse Wellens LEAVES BFvsGF? YouTuber ARRESTED, Streamer D*ck SLIP	9:13	
104	1005165	fouseyTUBE	I JUST PROPOSED!!!	12:23	
105	8169677	TheEllenShow	Clint Eastwood&#39;s Son... and Ellen&#39;s!	2:34	
106	15742460	TheEllenShow	Ellen and Britney Spears&#39; Mall Mischief	7:41	
107	17827430	TheEllenShow	Jennifer Aniston Finds Out About Ellen and Portia&#39;s Marriage	4:32	
108	31015996	TheEllenShow	The Perfect, Last-Minute Kids&#39; Costumes!	6:05	
109	8156178	TheEllenShow	Rob Lowe and Ellen Share a Magic Moment	4:15	
110	30217228	TheEllenShow	Epic or Fail LIVE!	7:35	
111	9877765	TheEllenShow	Ellen and First Lady Michelle Obama Go to CVS	9:21	
112	2927787	TheEllenShow	Oops! My Water Broke	2:38	
113	16845330	TheEllenShow	Scare Videos with Annabelle	4:35	
114	2601060	TheEllenShow	LeBron James Goes Head to Head with Ellen	5:10	
115	2452275	TheEllenShow	12-Year-Old &#39;AGT&#39; Winner Grace VanderWaal Performs!	6:05	
116	2919499	TheEllenShow	The &#39;Magic Mike Live&#39; Dancers Perform	4:30	
117	1565401	TheEllenShow	&#39;Who&#39;d You Rather? Live!&#39; with Jimmy Kimmel and Scott Eastwood	4:38	
118	981822	TheEllenShow	Explainy the Emoji Exploji!	6:51	
119	3234149	TheEllenShow	An Emotional Surprise for an Orlando Survivor	3:23	
